StartDate,EndDate,Status,IPAddress,Progress,Duration (in seconds),Finished,RecordedDate,ResponseId,RecipientLastName,RecipientFirstName,RecipientEmail,ExternalReference,LocationLatitude,LocationLongitude,DistributionChannel,UserLanguage,Q1,Q2_1,Q3_1,Q3_2,Q3_3,Q3_4,Q3_5,Q3_6,Q3_7,Q4_1,Q5,Q6,Q7,Q8_1,Q8_2,Q8_3,Q8_4,Q8_5,Q8_6,Q9_1,Q10
Start Date,End Date,Response Type,IP Address,Progress,Duration (in seconds),Finished,Recorded Date,Response ID,Recipient Last Name,Recipient First Name,Recipient Email,External Data Reference,Location Latitude,Location Longitude,Distribution Channel,User Language,NetID,How much of an impact do you believe that climate change will have on human health in your lifetime? - Impact,"For each of the following specialties,  impacted by climate change, do you believe each of the following specialties will be? (Please rank on a scale of 0 - 5) - Cardiology","For each of the following specialties,  impacted by climate change, do you believe each of the following specialties will be? (Please rank on a scale of 0 - 5) - Dermatology","For each of the following specialties,  impacted by climate change, do you believe each of the following specialties will be? (Please rank on a scale of 0 - 5) - Infectious Disease","For each of the following specialties,  impacted by climate change, do you believe each of the following specialties will be? (Please rank on a scale of 0 - 5) - Neurology","For each of the following specialties,  impacted by climate change, do you believe each of the following specialties will be? (Please rank on a scale of 0 - 5) - Psychiatry","For each of the following specialties,  impacted by climate change, do you believe each of the following specialties will be? (Please rank on a scale of 0 - 5) - Pulmonology","For each of the following specialties,  impacted by climate change, do you believe each of the following specialties will be? (Please rank on a scale of 0 - 5) - Surgery & Subspecialties",What is the approximate relative risk (RR) for developing asthma in children living in urban areas compared to those living in rural areas? (RR = Urban Risk/Rural Risk) - Relative Risk,"Particulates of all sizes are suspended in the air we breathe. “PM #” indicates all particulate matter (PM) below a certain diameter (#).  So, PM 70 would indicate all particulates 

 Which PM size is most dangerous to human health?


 **Halfway…it’s all down hill from here**",What happens to particles that are > 25 μm in diameter (PM > 25) when we breath them in?,Which of the following sources can emit PM 2.5? (check all that apply),Please rate how likely you are to ascertaining exposure to each of the following potential environmental health risk factors in your future patients? - Source of Drinking Water,Please rate how likely you are to ascertaining exposure to each of the following potential environmental health risk factors in your future patients? - Forest Fire Exposure,Please rate how likely you are to ascertaining exposure to each of the following potential environmental health risk factors in your future patients? - Access to Air Conditioning,Please rate how likely you are to ascertaining exposure to each of the following potential environmental health risk factors in your future patients? - Back-up for Power Outage,Please rate how likely you are to ascertaining exposure to each of the following potential environmental health risk factors in your future patients? - Access of Heat in Winter,Please rate how likely you are to ascertaining exposure to each of the following potential environmental health risk factors in your future patients? - Rural vs. Urban Living,How important do you believe that taking an environmental health history (please reference previous question) is for primary care physicians? - Not at all important,Describe any obstacles that would impact you personally in delivering environmental health care to patients?
"{""ImportId"":""startDate"",""timeZone"":""America/New_York""}","{""ImportId"":""endDate"",""timeZone"":""America/New_York""}","{""ImportId"":""status""}","{""ImportId"":""ipAddress""}","{""ImportId"":""progress""}","{""ImportId"":""duration""}","{""ImportId"":""finished""}","{""ImportId"":""recordedDate"",""timeZone"":""America/New_York""}","{""ImportId"":""_recordId""}","{""ImportId"":""recipientLastName""}","{""ImportId"":""recipientFirstName""}","{""ImportId"":""recipientEmail""}","{""ImportId"":""externalDataReference""}","{""ImportId"":""locationLatitude""}","{""ImportId"":""locationLongitude""}","{""ImportId"":""distributionChannel""}","{""ImportId"":""userLanguage""}","{""ImportId"":""QID1_TEXT""}","{""ImportId"":""QID11_8""}","{""ImportId"":""QID5_1""}","{""ImportId"":""QID5_2""}","{""ImportId"":""QID5_3""}","{""ImportId"":""QID5_7""}","{""ImportId"":""QID5_8""}","{""ImportId"":""QID5_9""}","{""ImportId"":""QID5_4""}","{""ImportId"":""QID6_1""}","{""ImportId"":""QID3""}","{""ImportId"":""QID4""}","{""ImportId"":""QID7""}","{""ImportId"":""QID2_1""}","{""ImportId"":""QID2_3""}","{""ImportId"":""QID2_5""}","{""ImportId"":""QID2_6""}","{""ImportId"":""QID2_7""}","{""ImportId"":""QID2_9""}","{""ImportId"":""QID10_1""}","{""ImportId"":""QID12_TEXT""}"
2023-03-22 15:00:45,2023-03-22 15:01:10,Survey Preview,,100,24,True,2023-03-22 15:01:11,R_1MSwLnbDwzGuX4E,,,,,40.5511,-74.4606,preview,EN,,,,,,,,,,,,,,,,,,,,,
2023-03-22 15:01:44,2023-03-22 15:02:00,Survey Preview,,100,16,True,2023-03-22 15:02:01,R_BG2vNSrwIUMA76h,,,,,40.5511,-74.4606,preview,EN,,,,,,,,,,,,,,,,,,,,,
2023-04-07 15:54:50,2023-04-07 15:57:11,IP Address,71.168.155.4,100,140,True,2023-04-07 15:57:12,R_1QaqWN2CbiBnw76,,,,,40.266,-74.5217,anonymous,EN,Jm2722,3,3,2,4,3,3,5,1,4,PM < 1 μm,Particles of this size include dust and pollen and are the main source of seasonal rhinitis,"Cars,Dirt Roads,Fireplaces,Pollen",1,1,2,2,4,5,6,
2023-04-07 15:54:35,2023-04-07 15:57:50,IP Address,130.156.160.114,100,195,True,2023-04-07 15:57:51,R_2bOvpdE6AP2JFCg,,,,,40.5511,-74.4606,anonymous,EN,Nsa86,4,5,5,5,3,4,5,3,4,PM < 2.5 μm,Particles of this size reach the bronchial tree where they corrode the alveolar parenchyma.,"Cars,Dirt Roads,Electric Vehicles,Fireplaces,Pollen,Trucks",3,1,2,1,3,4,8,"I think time is a huge factor, If we only have 30 minutes with a patient we cannot ask them this, their full history, and figure out what is going on with them without seeming like we are just bombarding them with questions. I think surveys ahead of time could be helpful with this though because then we could target the things that they mentioned during the actual visit "
2023-04-07 16:01:44,2023-04-07 16:03:08,IP Address,69.142.217.141,100,84,True,2023-04-07 16:03:09,R_234qPUh4Nw9sZyn,,,,,40.3172,-74.4304,anonymous,EN,Jt999,2,2,4,2,2,3,2,2,2,PM < 0.25 μm,Particles of this diameter are unable to be suspended in air.,"Cars,Dirt Roads,Fireplaces,Trucks",2,3,1,2,2,2,5,"Affordability "
2023-04-07 16:03:13,2023-04-07 16:06:57,IP Address,74.105.3.71,100,224,True,2023-04-07 16:06:58,R_1FK5FbicUXkbIrH,,,,,40.4992,-74.4996,anonymous,EN,,4,4,4,5,2,2,5,3,3,PM < 10 μm,Particles of this size reach the bronchial tree where they corrode the alveolar parenchyma.,"Cars,Dirt Roads,Fireplaces,Pollen,Trucks",4,0,2,2,4,3,6,"I think that context is pretty important. If I lived in a metropolitan area, certain environmental questions would be more important than others."
2023-04-07 16:09:20,2023-04-07 16:10:45,IP Address,100.1.38.77,100,84,True,2023-04-07 16:10:45,R_3hrOCqZYlk9v0xr,,,,,39.53,-74.4902,anonymous,EN,,4,4,3,4,2,1,4,1,5,PM < 1 μm,Particles of this size are generally absorbed in the respiratory tract and safely excreted in mucus.,"Cars,Dirt Roads,Electric Vehicles",5,4,5,4,5,5,8,
2023-04-07 16:08:07,2023-04-07 16:12:58,IP Address,71.58.38.151,100,291,True,2023-04-07 16:12:58,R_2aULKbdsiEPzODH,,,,,39.9458,-74.9042,anonymous,EN,crk117,5,4,5,5,5,5,5,4,4.5,PM < 0.05 μm,Particles of this size reach the bronchial tree where they corrode the alveolar parenchyma.,"Cars,Fireplaces,Trucks",1,1,2,1,2,4,7,lack of knowledge ! but I want to learn more!!
2023-04-07 16:12:37,2023-04-07 16:15:20,IP Address,72.88.214.37,100,163,True,2023-04-07 16:15:20,R_2EdhtZkQAteIqCD,,,,,40.4999,-74.4247,anonymous,EN,,3,1,3,3,1,5,5,1,2,PM < 0.05 μm,Particles of this diameter are unable to be suspended in air.,"Fireplaces,Pollen",1,2,2,,2,2,7,lack of knowledge; lack of resources to refer patients to
2023-04-07 16:32:28,2023-04-07 16:36:22,IP Address,107.77.225.170,100,234,True,2023-04-07 16:36:23,R_3QXJv3UjxQWQu0s,,,,,40.6221,-73.981,anonymous,EN,"ebm87 ",5,5,5,5,4,4,5,5,3.5,PM < 1 μm,Particles of this size reach the bronchial tree where they corrode the alveolar parenchyma.,"Cars,Electric Vehicles,Fireplaces,Trucks",5,4,5,4,5,4,9,Social determinants of health
2023-04-07 16:52:23,2023-04-07 16:53:59,IP Address,172.56.37.37,100,96,True,2023-04-07 16:53:59,R_1GV5xoGgOA6Ui5y,,,,,40.7523,-74.2172,anonymous,EN,pb658,1,2,5,2,0,0,2,0,4,PM < 1 μm,Particles of this size include dust and pollen and are the main source of seasonal rhinitis,"Cars,Dirt Roads,Fireplaces,Pollen,Trucks",5,3,5,5,5,5,8,
2023-04-07 18:17:06,2023-04-07 18:19:25,IP Address,209.2.231.170,100,139,True,2023-04-07 18:19:25,R_3Rsz0m5PVW3C7ZU,,,,,40.7279,-73.9966,anonymous,EN,,5,4,5,5,1,3,5,3,4,PM < 0.05 μm,Particles of this size are generally absorbed in the respiratory tract and safely excreted in mucus.,"Dirt Roads,Fireplaces,Pollen",0,0,0,0,0,3,10,
2023-04-07 19:13:31,2023-04-07 19:15:51,IP Address,47.20.211.13,100,139,True,2023-04-07 19:15:51,R_3O6o6l3yLZOdFWi,,,,,40.5175,-74.3991,anonymous,EN,mmp263,5,5,5,5,3,4,5,4,4,PM < 10 μm,Particles of this diameter are unable to be suspended in air.,Dirt Roads,5,5,4,4,5,3,9,
2023-04-07 23:53:49,2023-04-07 23:56:43,IP Address,98.221.176.210,100,174,True,2023-04-07 23:56:43,R_1duzfrSTEOLsrMt,,,,,40.4856,-74.6265,anonymous,EN,dab459,5,4,3,4,3,4,5,2,4,PM < 1 μm,Particles of this size include dust and pollen and are the main source of seasonal rhinitis,"Cars,Dirt Roads,Fireplaces,Pollen,Trucks",4,3,4,3,4,4,8,Not learning about this topic in medical school would negative impact the likelihood that future physicians ask these questions in practice
2023-04-08 08:58:24,2023-04-08 09:01:54,IP Address,107.116.79.120,100,210,True,2023-04-08 09:01:55,R_10NKIrj7YomSfl8,,,,,38.894,-77.0365,anonymous,EN,rk802,4,3,5,5,3,4,5,3,3,PM < 2.5 μm,Particles of this size are generally absorbed in the respiratory tract and safely excreted in mucus.,"Cars,Dirt Roads,Fireplaces,Pollen,Trucks",1,1,2,3,5,2,5,"There are so many other things to cover in a short time. "
2023-04-08 10:17:38,2023-04-08 10:19:59,IP Address,174.44.123.186,100,140,True,2023-04-08 10:19:59,R_3RfmDo9V8tnPDxU,,,,,40.5859,-74.6832,anonymous,EN,,5,5,2,3,5,5,5,3,3,PM < 2.5 μm,Particles of this size reach the bronchial tree where they corrode the alveolar parenchyma.,Fireplaces,3,3,1,1,5,5,9,Pressure to see a large number of patients in a short amount of time.
2023-04-08 12:12:09,2023-04-08 12:15:13,IP Address,72.68.92.64,100,184,True,2023-04-08 12:15:14,R_1duZN70DJ7UsZCs,,,,,40.5511,-74.4606,anonymous,EN,Sh1009,4,4,5,2,2,1,5,2,3,PM < 1 μm,Particles of this size are generally absorbed in the respiratory tract and safely excreted in mucus.,Fireplaces,2,2,3,2,5,4,5,
2023-04-08 19:14:24,2023-04-08 19:19:25,IP Address,108.50.253.126,100,301,True,2023-04-08 19:19:25,R_3L7RNPqlrerRtGM,,,,,40.4992,-74.4996,anonymous,EN,ige8,5,5,4,5,1,2,5,2,3,PM < 10 μm,Particles of this size include dust and pollen and are the main source of seasonal rhinitis,"Cars,Dirt Roads,Fireplaces,Pollen,Trucks",5,3,5,5,5,5,10,"The environment affects many health factors. With climate change, there may be many infectious diseases, allergies or factors that affect well-being. For me, I want surgery so I don’t know how much I will be affected. But, I know that I will have to be be cognizant of these factors."
2023-04-08 23:17:43,2023-04-08 23:20:27,IP Address,108.41.130.219,100,163,True,2023-04-08 23:20:27,R_33akxKZmoXp9UV4,,,,,40.6375,-74.0216,anonymous,EN,,5,5,5,5,5,5,5,5,5,PM < 0.25 μm,Particles of this size include dust and pollen and are the main source of seasonal rhinitis,"Cars,Fireplaces,Pollen,Trucks",5,5,5,5,5,5,10,"Being able to do anything about it. "
2023-04-09 10:49:31,2023-04-09 10:53:07,IP Address,173.54.228.110,100,216,True,2023-04-09 10:53:08,R_wXA4ULjr4BqEujL,,,,,40.5704,-74.5369,anonymous,EN,ep692,3,2,3,5,3,3,5,1,3,PM < 10 μm,Particles of this size include dust and pollen and are the main source of seasonal rhinitis,"Dirt Roads,Fireplaces,Pollen",1,1,3,1,3,2,7,"Unclear about what constitutes a clinically significant environmental exposure, or what next steps/tx would look like once a clinically significant environmental exposure is identified."
2023-04-10 08:41:06,2023-04-10 08:45:29,IP Address,72.88.214.37,100,263,True,2023-04-10 08:45:30,R_1YA8H6rQf0Gvjs5,,,,,40.4999,-74.4247,anonymous,EN,mmm564,4,4,4,4,2,3,4,2,4,PM < 1 μm,Particles of this size include dust and pollen and are the main source of seasonal rhinitis,"Cars,Fireplaces,Trucks",2,2,2,2,2,4,7,
2023-04-10 10:34:38,2023-04-10 10:36:36,IP Address,24.186.212.18,100,117,True,2023-04-10 10:36:37,R_2zTSuuieuDWUj9s,,,,,40.5175,-74.3991,anonymous,EN,Phl28,4,4,5,5,3,3,4,3,3.5,PM < 0.05 μm,Particles of this diameter are unable to be suspended in air.,"Cars,Dirt Roads,Electric Vehicles,Fireplaces,Pollen,Trucks",3,2,3,3,4,3,5,
2023-04-10 12:45:01,2023-04-10 12:46:48,IP Address,69.113.82.163,100,107,True,2023-04-10 12:46:49,R_2xQtk6qQHSzcvRu,,,,,40.5269,-74.3374,anonymous,EN,aar258,4,4,4,4,4,4,4,3,3,PM < 1 μm,Particles of this size reach the bronchial tree where they corrode the alveolar parenchyma.,"Cars,Dirt Roads,Fireplaces,Pollen,Trucks",2,1,3,1,3,3,8,Time
2023-04-10 13:04:59,2023-04-10 13:06:57,IP Address,47.20.193.163,100,117,True,2023-04-10 13:06:57,R_3ilqenfJDUlYmn9,,,,,40.5175,-74.3991,anonymous,EN,ks1403,4,5,3,4,5,4,5,3,3,PM < 1 μm,Particles of this size are generally absorbed in the respiratory tract and safely excreted in mucus.,"Cars,Dirt Roads,Fireplaces,Pollen,Trucks",1,2,1,1,2,3,7,"Not knowing about it! It's hard growing up not understanding the health effects of these. Also geography - if you aren't exposed to certain geographical/environmental factors, it might be harder to speak about them"
2023-04-11 07:16:51,2023-04-11 07:19:35,IP Address,107.123.17.18,100,163,True,2023-04-11 07:19:35,R_5dqoDmiEgEiipPP,,,,,39.9486,-75.2339,anonymous,EN,,3,3,4,5,3,3,4,,4,PM < 0.05 μm,Particles of this size include dust and pollen and are the main source of seasonal rhinitis,Cars,3,4,3,3,3,3,7,"Public Transportation "
2023-04-11 07:18:46,2023-04-11 07:21:46,IP Address,71.59.72.119,100,179,True,2023-04-11 07:21:46,R_3MEZ8CFfDB0XzLu,,,,,40.3172,-74.4304,anonymous,EN,,4,5,5,5,4,5,5,4,4,PM < 2.5 μm,Particles of this size reach the bronchial tree where they corrode the alveolar parenchyma.,"Cars,Dirt Roads,Fireplaces,Trucks",3,4,2,1,1,3,8,"Lack of language to be sensitive about asking the right questions/not knowing where to start "
2023-04-11 07:21:05,2023-04-11 07:26:40,IP Address,104.28.58.9,100,335,True,2023-04-11 07:26:41,R_2pPLx5JJicmo5Lt,,,,,40.5606,-74.1391,anonymous,EN,Pmg128,5,4,5,5,4,5,5,4,3.5,PM < 1 μm,Particles of this size are generally absorbed in the respiratory tract and safely excreted in mucus.,"Cars,Dirt Roads,Fireplaces,Trucks",1,1,2,1,4,1,7,Provider knowledge
2023-04-11 07:36:10,2023-04-11 07:37:54,IP Address,24.47.228.164,100,104,True,2023-04-11 07:37:55,R_Op6XczuW5L5jEfD,,,,,40.488,-74.4544,anonymous,EN,,4,4,3,4,3,4,5,3,3,PM < 0.25 μm,Particles of this size reach the bronchial tree where they corrode the alveolar parenchyma.,"Cars,Dirt Roads,Electric Vehicles,Fireplaces,Trucks",1,1,2,1,2,4,7,
2023-04-11 07:41:27,2023-04-11 07:46:49,IP Address,68.196.244.135,100,322,True,2023-04-11 07:46:50,R_1Dq03lL96UNEGV2,,,,,40.544,-74.3521,anonymous,EN,rd968,3,2,2,5,1,3,5,2,3.5,PM < 0.05 μm,Particles of this size are generally absorbed in the respiratory tract and safely excreted in mucus.,"Cars,Dirt Roads,Fireplaces,Pollen,Trucks",1,4,4,4,4,3,9,"Knowing different environmental problems and how to assess them. "
2023-04-11 07:47:30,2023-04-11 07:49:55,IP Address,69.114.133.129,100,144,True,2023-04-11 07:49:56,R_3QWWwnA9UsCmceZ,,,,,40.5511,-74.4606,anonymous,EN,,4,3,3,5,3,4,5,3,3.5,PM < 2.5 μm,Particles of this size reach the bronchial tree where they corrode the alveolar parenchyma.,"Dirt Roads,Fireplaces,Pollen,Trucks",3,5,3,4,4,5,8,N/a
2023-04-11 07:41:20,2023-04-11 08:22:52,IP Address,69.114.133.150,100,2492,True,2023-04-11 08:22:53,R_2ttWuIc986b4Pgq,,,,,40.5511,-74.4606,anonymous,EN,kb1194,3,2,5,5,3,5,5,3,2.5,PM < 2.5 μm,Particles of this size are generally absorbed in the respiratory tract and safely excreted in mucus.,"Cars,Dirt Roads,Fireplaces,Trucks",3,2,3,2,5,3,6,"time "
2023-04-11 08:01:03,2023-04-11 08:29:33,IP Address,68.196.244.23,100,1710,True,2023-04-11 08:29:34,R_2SIDA5hXPMO1Fyo,,,,,40.5175,-74.3991,anonymous,EN,,3,3,4,4,2,3,4,3,2.5,PM < 1 μm,Particles of this size reach the bronchial tree where they corrode the alveolar parenchyma.,"Cars,Dirt Roads,Fireplaces,Pollen,Trucks",5,3,3,2,5,3,7,"I cannot think of any obstacles other than not being informed on how to properly do so. "
2023-04-11 08:31:24,2023-04-11 08:34:04,IP Address,130.219.10.90,100,159,True,2023-04-11 08:34:04,R_3hmyHEVnEWrzia6,,,,,40.7337,-74.1939,anonymous,EN,Sat238,4,4,5,5,1,4,5,2,4.5,PM < 0.05 μm,Particles of this diameter are unable to be suspended in air.,"Cars,Dirt Roads,Fireplaces,Trucks",1,1,2,1,2,2,6,The government
2023-04-11 08:32:20,2023-04-11 08:34:23,IP Address,128.6.36.72,100,123,True,2023-04-11 08:34:23,R_2wmLJpDAbjFgnRp,,,,,40.488,-74.4544,anonymous,EN,ar1522,5,3,5,5,3,5,5,3,4,PM < 1 μm,Particles of this size reach the bronchial tree where they corrode the alveolar parenchyma.,"Cars,Electric Vehicles,Trucks",5,3,5,3,5,5,8,Government
2023-04-11 08:31:30,2023-04-11 08:34:49,IP Address,128.6.37.197,100,199,True,2023-04-11 08:34:50,R_2e2tzvZus34e2UU,,,,,40.488,-74.4544,anonymous,EN,Oam38,3,4,4,4,3,4,5,4,4,PM < 1 μm,Particles of this size include dust and pollen and are the main source of seasonal rhinitis,"Cars,Dirt Roads,Electric Vehicles,Fireplaces,Trucks",3,3,4,4,4,4,6,"Not having enough education on the topic. "
2023-04-11 08:35:23,2023-04-11 08:36:20,IP Address,69.113.82.163,100,56,True,2023-04-11 08:36:20,R_1GTCx1wDSwBqNlE,,,,,40.5269,-74.3374,anonymous,EN,Agg108,4,4,5,5,,,5,,2.5,PM < 1 μm,Particles of this size are generally absorbed in the respiratory tract and safely excreted in mucus.,"Cars,Dirt Roads,Electric Vehicles,Fireplaces,Pollen,Trucks",4,5,4,3,5,5,4,
2023-04-10 13:34:33,2023-04-11 08:36:20,IP Address,130.219.10.90,100,68506,True,2023-04-11 08:36:20,R_1pzLJfw8qA4lBRR,,,,,40.7337,-74.1939,anonymous,EN,,4,2,4,4,2,2,4,1,2,PM < 2.5 μm,Particles of this size are generally absorbed in the respiratory tract and safely excreted in mucus.,"Cars,Fireplaces,Pollen",2,3,2,2,2,4,6,
2023-04-11 08:32:57,2023-04-11 08:36:58,IP Address,104.28.55.226,100,241,True,2023-04-11 08:36:59,R_3FVxnXD3sfRIjN1,,,,,40.7123,-74.0068,anonymous,EN,,5,5,5,5,5,5,5,3,2,PM < 1 μm,Particles of this size reach the bronchial tree where they corrode the alveolar parenchyma.,"Cars,Dirt Roads,Fireplaces,Trucks",3,1,3,3,3,3,6,
2023-04-11 08:41:22,2023-04-11 08:44:06,IP Address,172.58.235.183,100,164,True,2023-04-11 08:44:07,R_2qyhdV5DBDCtfnh,,,,,40.7256,-74.1594,anonymous,EN,hg295,4,4,4,4,4,5,5,4,3,PM < 0.25 μm,Particles of this size are generally absorbed in the respiratory tract and safely excreted in mucus.,"Cars,Dirt Roads,Electric Vehicles,Fireplaces,Pollen,Trucks",5,2,4,4,4,2,7,
2023-04-11 08:48:08,2023-04-11 08:50:11,IP Address,130.219.10.90,100,123,True,2023-04-11 08:50:12,R_1mQx2YrXT5K33E3,,,,,40.7337,-74.1939,anonymous,EN,,4,4,4,4,4,4,4,4,2,PM < 1 μm,Particles of this size include dust and pollen and are the main source of seasonal rhinitis,"Cars,Fireplaces,Trucks",3,1,3,3,3,2,6,"Lack of knowledge and time "
2023-04-11 08:49:08,2023-04-11 08:50:25,IP Address,128.6.36.107,100,77,True,2023-04-11 08:50:26,R_1dzRKHC0pCSM9zV,,,,,40.488,-74.4544,anonymous,EN,djs481,5,5,5,5,3,3,5,2,2.5,PM < 0.25 μm,Particles of this size reach the bronchial tree where they corrode the alveolar parenchyma.,"Cars,Trucks",3,4,,4,4,4,8,
2023-04-11 08:51:08,2023-04-11 08:53:00,IP Address,128.6.37.34,100,111,True,2023-04-11 08:53:01,R_3scDySG6aLEkhRO,,,,,40.5511,-74.4606,anonymous,EN,,5,3,1,4,1,5,5,1,2,PM < 0.25 μm,Particles of this size include dust and pollen and are the main source of seasonal rhinitis,Cars,4,3,2,3,4,4,6,
2023-04-11 08:55:40,2023-04-11 08:57:46,IP Address,130.219.10.90,100,126,True,2023-04-11 08:57:47,R_2tfBRpQpVCGVg7r,,,,,40.7337,-74.1939,anonymous,EN,Ym484,5,5,5,5,5,5,5,5,3,PM < 0.25 μm,Particles of this size reach the bronchial tree where they corrode the alveolar parenchyma.,"Cars,Dirt Roads,Electric Vehicles,Fireplaces,Pollen,Trucks",2,0,3,2,4,4,10,Remembering/knowing the important things tk address for different patients
2023-04-11 08:59:53,2023-04-11 09:01:12,IP Address,104.28.132.152,100,79,True,2023-04-11 09:01:13,R_3CEjb9PIYRyClw5,,,,,40.5606,-74.1391,anonymous,EN,,4,3,3,3,2,3,3,1,3.5,PM < 2.5 μm,Particles of this size reach the bronchial tree where they corrode the alveolar parenchyma.,"Cars,Dirt Roads,Fireplaces,Pollen,Trucks",4,2,4,2,3,4,7,
2023-04-11 08:58:45,2023-04-11 09:01:29,IP Address,130.219.10.90,100,164,True,2023-04-11 09:01:30,R_Z9SrmIXgKPBgJVf,,,,,40.7337,-74.1939,anonymous,EN,ht372,4,4,5,3,2,3,5,2,2,PM < 2.5 μm,Particles of this size reach the bronchial tree where they corrode the alveolar parenchyma.,"Cars,Dirt Roads,Fireplaces,Trucks",4,1,2,1,4,4,8,Time restraints
2023-04-11 08:59:09,2023-04-11 09:02:36,IP Address,130.219.10.90,100,207,True,2023-04-11 09:02:37,R_0BO6ymS9H3OFVZv,,,,,40.7337,-74.1939,anonymous,EN,aac195,4,1,3,5,1,3,4,1,4.5,PM < 0.05 μm,Particles of this size are generally absorbed in the respiratory tract and safely excreted in mucus.,Dirt Roads,3,2,4,4,5,2,5,"Not sure if patients care or would be able to do anything about it so I’m bringing  a problem without any solution "
2023-04-11 09:04:14,2023-04-11 09:05:51,IP Address,130.219.10.90,100,97,True,2023-04-11 09:05:52,R_2ZJr1qvUSupmFd7,,,,,40.7337,-74.1939,qr,EN,,5,5,4,5,4,5,5,4,4.5,PM < 1 μm,Particles of this size reach the bronchial tree where they corrode the alveolar parenchyma.,"Cars,Dirt Roads,Electric Vehicles,Fireplaces,Pollen,Trucks",4,4,5,4,5,5,8,
2023-04-11 09:03:49,2023-04-11 09:05:52,IP Address,130.219.10.90,100,122,True,2023-04-11 09:05:52,R_28FZRpwgDfteSeu,,,,,40.7337,-74.1939,qr,EN,,5,5,4,5,3,4,5,3,4,PM < 1 μm,Particles of this size are generally absorbed in the respiratory tract and safely excreted in mucus.,"Cars,Fireplaces,Trucks",3,4,3,3,4,4,7,"Cost, SES"
2023-04-11 09:03:51,2023-04-11 09:05:52,IP Address,128.6.36.204,100,121,True,2023-04-11 09:05:52,R_3L77QE7C9ysPEsz,,,,,40.488,-74.4544,qr,EN,Pfa13,3,2,4,5,1,2,5,2,4,PM < 2.5 μm,Particles of this size are generally absorbed in the respiratory tract and safely excreted in mucus.,"Cars,Dirt Roads,Electric Vehicles,Fireplaces,Pollen,Trucks",4,1,5,1,2,4,7,"Having the time to ask patients these questions during intake "
2023-04-11 09:03:46,2023-04-11 09:05:53,IP Address,128.6.36.223,100,127,True,2023-04-11 09:05:54,R_1ifZsuA7NrMlMKU,,,,,40.488,-74.4544,anonymous,EN,Sef122,3,3,3,4,3,4,5,2,4,PM < 0.05 μm,Particles of this size reach the bronchial tree where they corrode the alveolar parenchyma.,"Cars,Fireplaces,Trucks",3,3,3,3,3,3,8,
2023-04-11 09:03:07,2023-04-11 09:05:57,IP Address,130.219.10.90,100,169,True,2023-04-11 09:05:57,R_0Gj7C6306uukbyp,,,,,40.7337,-74.1939,anonymous,EN,,5,2,4,5,2,5,5,,2.5,PM < 1 μm,Particles of this size are generally absorbed in the respiratory tract and safely excreted in mucus.,Cars,1,1,2,1,2,4,7,Lack of knowledge as to what to screen for
2023-04-11 09:04:00,2023-04-11 09:05:59,IP Address,130.219.10.90,100,119,True,2023-04-11 09:06:00,R_1NERCIDmqevwY0Q,,,,,40.7337,-74.1939,qr,EN,,4,5,3,5,2,2,5,2,1,PM < 0.25 μm,Particles of this size reach the bronchial tree where they corrode the alveolar parenchyma.,Dirt Roads,5,5,5,5,5,5,9,
2023-04-11 09:03:57,2023-04-11 09:06:01,IP Address,128.6.37.194,100,124,True,2023-04-11 09:06:01,R_3HNdDRZ7hEVLqAL,,,,,40.488,-74.4544,qr,EN,Yh645,5,5,5,5,5,5,5,5,5,PM < 1 μm,Particles of this size include dust and pollen and are the main source of seasonal rhinitis,Cars,5,2,4,2,4,3,10,
2023-04-11 09:03:55,2023-04-11 09:06:05,IP Address,130.219.10.90,100,129,True,2023-04-11 09:06:05,R_UQsPBpGCp25UxH3,,,,,40.7337,-74.1939,anonymous,EN,,5,4,4,4,4,4,4,3,4,PM < 25 μm,Particles of this size include dust and pollen and are the main source of seasonal rhinitis,Pollen,2,2,2,2,4,4,5,Not sure
2023-04-11 09:04:53,2023-04-11 09:06:05,IP Address,130.219.10.90,100,71,True,2023-04-11 09:06:05,R_UgvjYWSkC0ws837,,,,,40.7337,-74.1939,qr,EN,Sje67,4,4,1,5,3,3,5,4,2.5,PM < 1 μm,Particles of this size are generally absorbed in the respiratory tract and safely excreted in mucus.,Electric Vehicles,3,2,4,3,4,3,6,
2023-04-11 09:00:23,2023-04-11 09:06:08,IP Address,128.6.36.89,100,344,True,2023-04-11 09:06:08,R_2qxhgLBxYsINGsj,,,,,40.488,-74.4544,anonymous,EN,Sph108,2,3,4,5,4,2,5,2,3,PM < 0.05 μm,Particles of this size reach the bronchial tree where they corrode the alveolar parenchyma.,"Cars,Dirt Roads,Fireplaces,Trucks",4,4,3,5,2,5,7,"If I don’t understand the factors which create dangerous exposures "
2023-04-11 09:03:24,2023-04-11 09:06:26,IP Address,128.6.36.112,100,181,True,2023-04-11 09:06:26,R_1hGB5ADKzG3s2qQ,,,,,40.488,-74.4544,qr,EN,Jat277,4,4,3,2,3,,2,0,1.5,PM < 1 μm,Particles of this diameter are unable to be suspended in air.,"Fireplaces,Trucks",3,4,3,2,1,2,6,NA
2023-04-11 09:03:57,2023-04-11 09:06:34,IP Address,128.6.37.117,100,157,True,2023-04-11 09:06:35,R_Tvc5iv97nY1JaVz,,,,,40.5511,-74.4606,qr,EN,Jab1007,2,2,5,5,1,1,0,3,3,PM < 1 μm,Particles of this size reach the bronchial tree where they corrode the alveolar parenchyma.,"Cars,Dirt Roads,Electric Vehicles,Fireplaces,Pollen,Trucks",3,0,3,0,1,4,5,
2023-04-11 09:04:12,2023-04-11 09:06:35,IP Address,130.219.10.90,100,143,True,2023-04-11 09:06:36,R_1mVrz9tKHpxEyZL,,,,,40.7337,-74.1939,anonymous,EN,Sk2182,4,4,4,5,5,4,5,3,4,PM < 0.25 μm,Particles of this size are generally absorbed in the respiratory tract and safely excreted in mucus.,"Cars,Dirt Roads,Fireplaces,Trucks",4,4,4,4,4,4,9,Prevention
2023-04-11 09:04:08,2023-04-11 09:06:40,IP Address,130.219.10.90,100,151,True,2023-04-11 09:06:40,R_24iS9J4mmeR59t4,,,,,40.7337,-74.1939,qr,EN,,5,5,5,5,5,5,5,5,4.5,PM < 25 μm,Particles of this size reach the bronchial tree where they corrode the alveolar parenchyma.,"Cars,Dirt Roads,Fireplaces,Pollen,Trucks",4,4,4,4,4,4,10,"Lack of knowledge "
2023-04-11 09:03:50,2023-04-11 09:06:41,IP Address,130.219.10.90,100,171,True,2023-04-11 09:06:41,R_22AfT4V74FqPjT0,,,,,40.7337,-74.1939,qr,EN,uz14,5,4,5,5,3,5,5,,3.5,PM < 0.05 μm,Particles of this size include dust and pollen and are the main source of seasonal rhinitis,"Cars,Fireplaces,Pollen,Trucks",4,5,5,4,5,4,7,Time during the appointment
2023-04-11 09:04:15,2023-04-11 09:06:42,IP Address,130.219.10.90,100,146,True,2023-04-11 09:06:42,R_C1ik4gfAncnRtND,,,,,40.7337,-74.1939,qr,EN,kaa220,5,5,5,5,5,5,5,5,4.5,PM < 1 μm,Particles of this size are generally absorbed in the respiratory tract and safely excreted in mucus.,"Cars,Electric Vehicles,Fireplaces,Trucks",5,5,5,5,5,5,8,"Time and knowledge "
2023-04-11 09:04:27,2023-04-11 09:06:44,IP Address,128.6.36.127,100,137,True,2023-04-11 09:06:45,R_2zI4Uk5QEu5gJZN,,,,,40.488,-74.4544,anonymous,EN,tw592,3,5,3,3,0,2,5,1,4,PM < 2.5 μm,Particles of this diameter are unable to be suspended in air.,"Cars,Fireplaces,Pollen,Trucks",3,3,2,0,1,3,5,i forget
2023-04-11 09:03:35,2023-04-11 09:06:47,IP Address,128.6.37.121,100,191,True,2023-04-11 09:06:47,R_32L7vPwY7V0W9tJ,,,,,40.5511,-74.4606,qr,EN,lsc88,5,5,5,5,3,5,5,5,5,PM < 2.5 μm,Particles of this size are generally absorbed in the respiratory tract and safely excreted in mucus.,"Cars,Electric Vehicles,Fireplaces,Trucks",2,2,4,4,4,4,8,
2023-04-11 09:05:06,2023-04-11 09:07:01,IP Address,128.6.37.41,100,115,True,2023-04-11 09:07:02,R_3g8gKc5LVZMkcrL,,,,,40.5511,-74.4606,anonymous,EN,srp237,4,3,3,5,3,5,5,3,4,PM < 0.05 μm,Particles of this diameter are unable to be suspended in air.,"Cars,Pollen,Trucks",2,1,3,2,4,5,7,
2023-04-11 09:04:07,2023-04-11 09:07:04,IP Address,128.6.36.76,100,176,True,2023-04-11 09:07:04,R_1mIfqlsqtIEGd2b,,,,,40.488,-74.4544,qr,EN,Krb195,5,4,5,4,1,2,5,1,5,PM < 1 μm,Particles of this size include dust and pollen and are the main source of seasonal rhinitis,"Cars,Dirt Roads,Fireplaces,Pollen,Trucks",4,5,2,2,3,5,8,
2023-04-11 09:03:38,2023-04-11 09:07:04,IP Address,128.6.37.253,100,206,True,2023-04-11 09:07:04,R_vwbc6dFVeCNutYB,,,,,40.488,-74.4544,qr,EN,sa1351,4,3,4,5,3,4,5,3,4,PM < 1 μm,Particles of this size reach the bronchial tree where they corrode the alveolar parenchyma.,"Dirt Roads,Fireplaces",4,1,2,2,2,3,8,Conservation of materials in an eco-friendly way
2023-04-11 09:03:38,2023-04-11 09:07:19,IP Address,130.219.10.90,100,220,True,2023-04-11 09:07:20,R_1F4DqFJSkPEimQH,,,,,40.7337,-74.1939,qr,EN,kf511,3,2,4,4,2,4,5,3,3.5,PM < 1 μm,Particles of this size are generally absorbed in the respiratory tract and safely excreted in mucus.,"Cars,Dirt Roads,Fireplaces,Pollen,Trucks",4,,1,1,3,5,6,Time during the interview to adequately address environmental health concerns if the patient is coming in with a problem that doesn’t seem related to environmental health.
2023-04-11 09:04:18,2023-04-11 09:07:35,IP Address,172.56.37.78,100,197,True,2023-04-11 09:07:36,R_3itd4jejK1DVzcP,,,,,40.7523,-74.2172,qr,EN,rm930,3,5,2,3,3,3,5,2,3.5,PM < 10 μm,Particles of this size include dust and pollen and are the main source of seasonal rhinitis,Fireplaces,4,3,3,4,3,3,10,No
2023-04-11 09:03:49,2023-04-11 09:07:46,IP Address,128.6.37.248,100,237,True,2023-04-11 09:07:46,R_DixQb4UycB17dFD,,,,,40.488,-74.4544,qr,EN,ssp190,5,4,3,3,3,3,4,4,4,PM < 10 μm,Particles of this size reach the bronchial tree where they corrode the alveolar parenchyma.,"Cars,Dirt Roads,Electric Vehicles,Fireplaces,Trucks",3,2,4,4,4,4,9,"It may be difficult to get patients to admit to environmental exposures, especially if they are not aware of what may be considered a toxin"
2023-04-11 09:03:59,2023-04-11 09:08:26,IP Address,130.219.10.90,100,267,True,2023-04-11 09:08:27,R_2Qn9WN4fwWW15pZ,,,,,40.7337,-74.1939,qr,EN,ab2469,4,4,3,5,3,3,4,3,4,PM < 1 μm,Particles of this size are generally absorbed in the respiratory tract and safely excreted in mucus.,Cars,5,3,2,2,4,3,6,Medical jargon and climate change knowledge/understanding
2023-04-11 09:04:23,2023-04-11 09:08:30,IP Address,130.219.10.90,100,247,True,2023-04-11 09:08:31,R_qw5VgNw8qdGNsgV,,,,,40.7337,-74.1939,qr,EN,,4,4,5,4,5,5,4,2,3.5,PM < 0.25 μm,Particles of this size include dust and pollen and are the main source of seasonal rhinitis,"Cars,Dirt Roads,Fireplaces,Pollen,Trucks",3,4,5,1,4,2,5,
2023-04-11 09:04:11,2023-04-11 09:08:39,IP Address,172.58.236.83,100,267,True,2023-04-11 09:08:39,R_3nwOGfCjKhTV00r,,,,,40.6582,-74.221,qr,EN,,4,4,3,3,3,2,3,2,4,PM < 1 μm,Particles of this size are generally absorbed in the respiratory tract and safely excreted in mucus.,"Cars,Dirt Roads,Trucks",3,2,3,3,4,4,4,
2023-04-11 09:04:29,2023-04-11 09:09:00,IP Address,128.6.37.133,100,270,True,2023-04-11 09:09:00,R_PvpyajxL6WRLHSF,,,,,40.7265,-74.1782,anonymous,EN,mb1980,3,2,3,3,2,0,2,,3,PM < 0.05 μm,Particles of this size reach the bronchial tree where they corrode the alveolar parenchyma.,"Cars,Dirt Roads,Trucks",2,,2,,2,,3,
2023-04-11 09:06:31,2023-04-11 09:09:12,IP Address,128.6.37.115,100,160,True,2023-04-11 09:09:12,R_RQAEcGhlzisdvQl,,,,,40.5511,-74.4606,anonymous,EN,Sp2098,5,4,5,5,5,3,5,3,4.5,PM < 1 μm,Particles of this diameter are unable to be suspended in air.,"Cars,Dirt Roads,Fireplaces,Pollen,Trucks",4,1,4,4,4,3,7,Knowing the best way to inquire about risk factors
2023-04-11 09:03:49,2023-04-11 09:09:19,IP Address,128.6.37.12,100,329,True,2023-04-11 09:09:19,R_WicT9nZeEpjGyhr,,,,,40.5511,-74.4606,anonymous,EN,amc754,5,4,5,5,4,5,5,4,2.5,PM < 0.25 μm,Particles of this size are generally absorbed in the respiratory tract and safely excreted in mucus.,"Cars,Dirt Roads,Electric Vehicles,Fireplaces,Pollen,Trucks",2,3,3,2,3,4,10,"Lack of knowledge of solutions/intervention, etc"
2023-04-11 09:04:10,2023-04-11 09:09:31,IP Address,128.6.36.135,100,320,True,2023-04-11 09:09:31,R_r7uz9IXqmGh7eSt,,,,,40.488,-74.4544,qr,EN,dpr85,5,3,5,5,3,4,5,5,3,PM < 0.25 μm,Particles of this size are generally absorbed in the respiratory tract and safely excreted in mucus.,"Cars,Fireplaces,Trucks",3,4,4,4,4,4,8,Time restrictions during appointments.
2023-04-11 09:04:04,2023-04-11 09:09:47,IP Address,128.6.36.221,100,343,True,2023-04-11 09:09:47,R_3MzIUNigiQFRnUO,,,,,40.488,-74.4544,anonymous,EN,bv172,3,4,4,3,3,2,5,3,3.5,PM < 1 μm,Particles of this size reach the bronchial tree where they corrode the alveolar parenchyma.,Fireplaces,3,3,3,3,3,3,5,
2023-04-11 09:04:16,2023-04-11 09:09:52,IP Address,128.6.36.148,100,336,True,2023-04-11 09:09:52,R_24xipRynON6emoe,,,,,40.488,-74.4544,qr,EN,,4,5,1,3,5,2,5,4,4,PM < 10 μm,Particles of this size reach the bronchial tree where they corrode the alveolar parenchyma.,"Cars,Dirt Roads,Fireplaces,Pollen,Trucks",4,5,5,,5,4,9,
2023-04-11 09:04:59,2023-04-11 09:10:03,IP Address,128.6.37.81,100,303,True,2023-04-11 09:10:03,R_3nxfgmbvdW4AswB,,,,,40.5511,-74.4606,anonymous,EN,,3,1,4,3,1,4,5,2,3,PM < 25 μm,Particles of this size reach the bronchial tree where they corrode the alveolar parenchyma.,"Cars,Trucks",2,1,,,,,2,I don’t know that much about our area’s environmental hazards.
2023-04-11 09:04:39,2023-04-11 09:10:19,IP Address,128.6.37.205,100,339,True,2023-04-11 09:10:19,R_2uIfh6KomWlEM0n,,,,,40.488,-74.4544,qr,EN,ral212,4,3,5,5,3,1,3,1,3.5,PM < 2.5 μm,Particles of this size are generally absorbed in the respiratory tract and safely excreted in mucus.,"Dirt Roads,Fireplaces,Pollen",5,2,2,1,5,5,7,
2023-04-11 09:03:58,2023-04-11 09:10:23,IP Address,172.58.235.175,100,384,True,2023-04-11 09:10:23,R_3dKEpVufWAkP3rm,,,,,40.7256,-74.1594,qr,EN,,5,5,4,5,4,4,5,3,4,PM < 1 μm,Particles of this size are generally absorbed in the respiratory tract and safely excreted in mucus.,"Cars,Dirt Roads,Fireplaces,Pollen,Trucks",3,4,2,1,3,3,8,"'- Access to resources "
2023-04-11 09:04:12,2023-04-11 09:10:37,IP Address,174.206.235.247,100,385,True,2023-04-11 09:10:37,R_1NyMVofXvKacy9c,,,,,40.6129,-74.416,qr,EN,,4,4,3,5,2,3,5,1,3.5,PM < 0.05 μm,Particles of this size reach the bronchial tree where they corrode the alveolar parenchyma.,"Electric Vehicles,Trucks",4,4,5,3,4,5,7,"Scarcity of time and resources, insurance"
2023-04-11 09:09:17,2023-04-11 09:11:05,IP Address,130.219.10.90,100,107,True,2023-04-11 09:11:05,R_3elXpuNSdHrpPKc,,,,,40.7337,-74.1939,anonymous,EN,,4,4,4,4,3,3,4,3,5,PM < 1 μm,Particles of this size include dust and pollen and are the main source of seasonal rhinitis,"Dirt Roads,Fireplaces,Pollen",4,4,3,3,4,3,6,
2023-04-11 09:03:25,2023-04-11 09:11:50,IP Address,128.6.36.67,100,505,True,2023-04-11 09:11:51,R_307WhMHXsUKoqkS,,,,,40.488,-74.4544,qr,EN,,4,4,3,5,3,4,5,3,2.5,PM < 1 μm,Particles of this size include dust and pollen and are the main source of seasonal rhinitis,"Cars,Electric Vehicles,Fireplaces,Pollen",3,3,4,3,4,5,8,Pollution
2023-04-11 09:10:55,2023-04-11 09:12:17,IP Address,130.219.10.90,100,81,True,2023-04-11 09:12:17,R_1jiU9UdZhLJjmO6,,,,,40.7337,-74.1939,anonymous,EN,ebm87,4,5,4,5,4,3,5,4,4,PM < 0.25 μm,Particles of this size reach the bronchial tree where they corrode the alveolar parenchyma.,"Cars,Fireplaces,Pollen,Trucks",5,3,5,5,5,4,9,
2023-04-11 09:11:29,2023-04-11 09:18:18,IP Address,130.219.10.90,100,408,True,2023-04-11 09:18:19,R_12asatMkrfpb9mH,,,,,40.7337,-74.1939,qr,EN,nmd171,4,3,3,4,3,2,4,1,2.5,PM < 2.5 μm,Particles of this size include dust and pollen and are the main source of seasonal rhinitis,"Cars,Dirt Roads,Fireplaces,Pollen,Trucks",3,1,2,1,3,3,7,
2023-04-11 09:19:08,2023-04-11 09:21:24,IP Address,130.219.10.90,100,136,True,2023-04-11 09:21:24,R_2pPmR2FJdxWFLYZ,,,,,40.7337,-74.1939,anonymous,EN,ak2236,5,4,5,5,5,5,5,3,3.5,PM < 1 μm,Particles of this size include dust and pollen and are the main source of seasonal rhinitis,"Cars,Fireplaces,Pollen",4,3,3,5,5,5,7,
2023-04-11 09:25:21,2023-04-11 09:31:44,IP Address,130.219.10.90,100,383,True,2023-04-11 09:31:45,R_3fTSv6L04Oiv9Ag,,,,,40.7337,-74.1939,anonymous,EN,Lma216,5,4,4,5,4,3,5,4,4,PM < 2.5 μm,Particles of this size reach the bronchial tree where they corrode the alveolar parenchyma.,"Cars,Dirt Roads,Fireplaces,Pollen,Trucks",4,5,4,4,2,3,10,"Lack of time per visit "
2023-04-11 09:43:37,2023-04-11 09:45:11,IP Address,128.6.37.130,100,94,True,2023-04-11 09:45:12,R_2PuHMtzJCvO2bqZ,,,,,40.7265,-74.1782,anonymous,EN,,5,5,3,5,2,3,5,2,5,PM < 10 μm,Particles of this diameter are unable to be suspended in air.,Pollen,4,3,5,5,5,4,10,
2023-04-11 09:48:30,2023-04-11 09:51:49,IP Address,73.197.113.95,100,198,True,2023-04-11 09:51:49,R_1LLmp2oLdcJVzYl,,,,,39.7354,-74.9838,anonymous,EN,Eia16,5,5,3,5,4,5,5,3,4,PM < 0.05 μm,Particles of this size include dust and pollen and are the main source of seasonal rhinitis,"Cars,Fireplaces,Trucks",4,2,4,5,5,4,10,"Minimizing complicated terminology "
2023-04-11 10:24:36,2023-04-11 10:26:16,IP Address,130.219.10.90,100,100,True,2023-04-11 10:26:16,R_1K2YMFiRArdyC81,,,,,40.7337,-74.1939,qr,EN,Gmg186,5,4,5,5,5,5,5,5,4.5,PM < 1 μm,Particles of this size reach the bronchial tree where they corrode the alveolar parenchyma.,"Cars,Dirt Roads,Fireplaces,Trucks",5,5,5,5,5,3,10,
2023-04-11 10:24:42,2023-04-11 10:27:01,IP Address,128.6.37.166,100,138,True,2023-04-11 10:27:01,R_3G1cvdjiJomtmXE,,,,,40.7265,-74.1782,qr,EN,Jat277,4,5,3,5,3,5,5,1,3.5,PM < 1 μm,Particles of this diameter are unable to be suspended in air.,"Cars,Dirt Roads,Fireplaces,Pollen",4,1,4,3,4,3,8,Time during a consult
2023-04-11 10:14:02,2023-04-11 10:30:00,IP Address,130.219.10.90,100,958,True,2023-04-11 10:30:00,R_5pEwZ6zIfNpnu2l,,,,,40.7337,-74.1939,anonymous,EN,,5,5,5,5,5,5,5,5,4,PM < 1 μm,Particles of this size include dust and pollen and are the main source of seasonal rhinitis,"Cars,Dirt Roads,Electric Vehicles,Fireplaces,Pollen,Trucks",3,3,4,4,4,3,10,
2023-04-11 08:52:58,2023-04-11 10:30:57,IP Address,130.219.10.90,100,5879,True,2023-04-11 10:30:57,R_YY4KCnAwIBIxrkB,,,,,40.7337,-74.1939,anonymous,EN,Flb16,4,3,2,5,2,5,5,1,5,PM < 1 μm,Particles of this diameter are unable to be suspended in air.,Pollen,5,3,1,1,2,5,8,Time available for visit
2023-04-11 10:29:00,2023-04-11 10:31:16,IP Address,174.206.242.33,100,136,True,2023-04-11 10:31:17,R_9tcCMYu6p5LyvDj,,,,,40.6751,-74.291,qr,EN,Ljg135,4,4,4,4,2,3,5,2,2,PM < 2.5 μm,Particles of this diameter are unable to be suspended in air.,Cars,1,1,3,1,3,4,6,"Time "
2023-04-11 09:04:35,2023-04-11 10:32:15,IP Address,130.219.10.90,100,5259,True,2023-04-11 10:32:16,R_26hctPzZ7BrYaOV,,,,,40.7337,-74.1939,qr,EN,gmh100,4,4,4,5,4,3,5,5,3,PM < 0.25 μm,Particles of this size are generally absorbed in the respiratory tract and safely excreted in mucus.,Pollen,,,,,,,5,Time
2023-04-11 10:28:42,2023-04-11 10:34:04,IP Address,174.206.235.146,100,322,True,2023-04-11 10:34:05,R_2zooCNVbim8yw1Z,,,,,40.6129,-74.416,qr,EN,,4,4,4,4,3,3,5,3,4,PM < 25 μm,Particles of this size reach the bronchial tree where they corrode the alveolar parenchyma.,"Cars,Dirt Roads,Fireplaces,Pollen,Trucks",5,3,2,2,3,3,8,"Knowing the right questions to ask, how it varies according to environment "
2023-04-11 11:25:43,2023-04-11 11:28:57,IP Address,108.35.253.186,100,193,True,2023-04-11 11:28:57,R_2rkINkHezysQsfP,,,,,40.4992,-74.4996,anonymous,EN,sc1700,4,2,3,4,4,4,4,2,3,PM < 2.5 μm,Particles of this size reach the bronchial tree where they corrode the alveolar parenchyma.,"Cars,Dirt Roads,Fireplaces,Pollen,Trucks",3,2,3,3,3,3,8,Us conveying to pts whats important to report regarding their environmental hx
2023-04-11 18:05:24,2023-04-11 18:08:03,IP Address,96.242.23.132,100,158,True,2023-04-11 18:08:03,R_8HcuL3CUwcWLx9D,,,,,40.488,-74.4544,anonymous,EN,lsc88,5,4,5,5,4,4,5,4,3,PM < 2.5 μm,Particles of this size are generally absorbed in the respiratory tract and safely excreted in mucus.,"Cars,Fireplaces,Trucks",4,5,4,4,4,4,9,
2023-04-07 15:48:20,2023-04-07 15:48:26,IP Address,128.6.36.211,9,5,False,2023-04-14 15:48:29,R_sRavT4tUgZG0YaB,,,,,,,anonymous,EN,,,,,,,,,,,,,,,,,,,,,
2023-04-07 19:17:07,2023-04-07 19:26:25,IP Address,69.124.48.3,9,557,False,2023-04-14 19:26:28,R_3E9WVBcwceDzGKl,,,,,,,anonymous,EN,,,,,,,,,,,,,,,,,,,,,
2023-04-09 23:28:11,2023-04-09 23:28:36,IP Address,68.197.74.12,9,24,False,2023-04-16 23:28:43,R_2wKrYAMpvQJ1SNH,,,,,,,anonymous,EN,,,,,,,,,,,,,,,,,,,,,
2023-04-11 07:13:48,2023-04-11 07:14:26,IP Address,24.186.211.30,9,37,False,2023-04-18 07:14:27,R_2QmTGnSHTTo0VrY,,,,,,,anonymous,EN,,,,,,,,,,,,,,,,,,,,,
2023-04-11 07:54:33,2023-04-11 07:54:45,IP Address,68.199.156.210,9,11,False,2023-04-18 07:54:46,R_Q61kVgZXgAiU30l,,,,,,,anonymous,EN,,,,,,,,,,,,,,,,,,,,,
2023-04-11 08:23:33,2023-04-11 08:24:23,IP Address,130.219.10.90,9,50,False,2023-04-18 08:24:26,R_3PbFDhuMoWNhoei,,,,,,,anonymous,EN,,,,,,,,,,,,,,,,,,,,,
2023-04-11 08:29:01,2023-04-11 08:29:18,IP Address,68.194.112.247,9,16,False,2023-04-18 08:29:18,R_tYFMnUN6laPWT17,,,,,,,anonymous,EN,,,,,,,,,,,,,,,,,,,,,
2023-04-11 09:03:26,2023-04-11 09:03:40,IP Address,130.219.10.90,9,14,False,2023-04-18 09:03:43,R_C3sSlSyRRbtZCrn,,,,,,,qr,EN,,,,,,,,,,,,,,,,,,,,,
2023-04-11 09:04:06,2023-04-11 09:04:14,Spam,130.219.10.90,9,8,False,2023-04-18 09:04:16,R_2TL8yTyrVkojPIE,,,,,,,qr,EN,,,,,,,,,,,,,,,,,,,,,
2023-04-11 09:04:09,2023-04-11 09:04:29,IP Address,172.58.236.105,9,19,False,2023-04-18 09:04:30,R_1NC7bTwLdyO8fzp,,,,,,,qr,EN,,,,,,,,,,,,,,,,,,,,,
2023-04-11 09:04:28,2023-04-11 09:04:44,Spam,130.219.10.90,9,15,False,2023-04-18 09:04:45,R_PAFqtHMLjECF7NL,,,,,,,qr,EN,,,,,,,,,,,,,,,,,,,,,
2023-04-11 09:04:18,2023-04-11 09:06:09,IP Address,172.58.232.148,55,110,False,2023-04-18 09:06:11,R_1ohkaungNfzYse6,,,,,,,qr,EN,,5,3,2,5,2,2,5,2,3.5,PM < 1 μm,,,,,,,,,,
2023-04-11 09:08:55,2023-04-11 09:13:15,IP Address,130.219.10.90,55,259,False,2023-04-18 09:13:32,R_23Vl5khZVVF2KFe,,,,,,,anonymous,EN,rk802,5,5,5,5,5,5,5,5,,,,,,,,,,,,
2023-04-11 09:20:51,2023-04-11 09:22:20,IP Address,128.6.37.194,55,89,False,2023-04-18 09:22:21,R_3jeeVZGzdNPE4v5,,,,,,,anonymous,EN,Np906,4,2,4,5,2,4,4,2,2,PM < 1 μm,,,,,,,,,,
2023-04-11 10:29:14,2023-04-11 10:29:20,IP Address,130.219.10.90,9,5,False,2023-04-18 10:29:20,R_10H2Df6KEP0YPQ3,,,,,,,anonymous,EN,,,,,,,,,,,,,,,,,,,,,
2023-04-11 10:29:17,2023-04-11 10:29:34,Spam,130.219.10.90,9,17,False,2023-04-18 10:29:35,R_6nAmTV7kcCRax7b,,,,,,,qr,EN,,,,,,,,,,,,,,,,,,,,,
2023-04-11 10:29:18,2023-04-11 10:31:18,IP Address,128.6.37.203,55,120,False,2023-04-18 10:31:24,R_3IWDAquODfgyNG4,,,,,,,qr,EN,,4,5,5,5,5,5,5,3,5,PM < 0.25 μm,,,,,,,,,,
2023-04-11 09:06:21,2023-04-11 11:23:17,IP Address,128.6.37.142,9,8216,False,2023-04-18 11:23:20,R_UF6xtJiLBQ8b7VL,,,,,,,anonymous,EN,,,,,,,,,,,,,,,,,,,,,
2023-06-25 15:31:01,2023-06-25 16:06:45,IP Address,173.63.221.12,9,2143,False,2023-07-02 16:06:51,R_1QJxu1AIHEXDYcr,,,,,,,anonymous,EN,,,,,,,,,,,,,,,,,,,,,
2023-07-26 14:35:30,2023-07-26 14:35:43,IP Address,130.219.10.90,9,13,False,2023-08-02 14:35:47,R_1jIgRwqw5itySki,,,,,,,anonymous,EN,,,,,,,,,,,,,,,,,,,,,
2023-09-03 16:15:52,2023-09-03 16:29:32,IP Address,172.58.203.231,100,820,True,2023-09-03 16:29:33,R_29o8L2QHtpkaIi2,,,,,39.952,-75.1814,anonymous,EN,,,,,,,,,,,,,,,,,,,,,
2023-09-03 16:29:37,2023-09-03 16:34:07,IP Address,172.58.203.231,55,269,False,2023-09-10 16:34:10,R_0OZLFmMaSz5C9FL,,,,,,,anonymous,EN,,,,,,,,,,5,,,,,,,,,,,
2023-09-10 22:17:03,2023-09-10 22:28:06,IP Address,173.72.6.171,55,663,False,2023-09-17 22:28:10,R_1BV0OKk0V9Dh12e,,,,,,,anonymous,EN,,,,,,,,,,,,,,,,,,,,,
2023-10-02 18:07:03,2023-10-02 18:37:33,IP Address,130.219.10.90,9,1830,False,2023-10-09 18:37:34,R_3CDHuWrjoMdLztQ,,,,,,,anonymous,EN,,,,,,,,,,,,,,,,,,,,,
